Person_01.txt_ecgiddb,0.031742,0.359115,0.126849,0.050662,0.048942,0.052165,0.05088,0.390857,0.485964,1.0,0.0
Person_02.txt_ecgiddb,0.05339,0.257489,0.105686,0.042815,0.036814,0.045389,0.046243,0.310879,0.363175,0.0,0.0
Person_03.txt_ecgiddb,0.014142,0.477598,0.01938,6.30834,7.303638,0.701136,10.920245,0.49174,0.496977,0.0,0.0
Person_04.txt_ecgiddb,0.006613,0.23906,0.014338,8.565495,9.894555,0.973271,14.82866,0.245673,0.253398,0.0,0.0
Person_05.txt_ecgiddb,0.0,0.159,0.03,0.053696,0.006103,0.148976,0.00601,0.159,0.189,0.0,0.0
Person_06.txt_ecgiddb,0.034148,0.199253,0.064129,0.092356,0.086667,0.093977,0.096423,0.233401,0.263382,0.0,0.0
Person_07.txt_ecgiddb,0.079492,0.355562,0.142794,0.050896,0.033576,0.058921,0.060193,0.435054,0.498356,0.0,0.0
Person_08.txt_ecgiddb,0.0,0.08,0.0,7.45874,9.0,0.042888,13.333333,0.08,0.08,0.0,0.0
Person_09.txt_ecgiddb,0.113958,0.450478,0.207627,0.093367,0.090053,0.095087,0.094961,0.564436,0.658105,0.0,0.0
Person_10.txt_ecgiddb,0.077645,0.394804,0.176821,0.104913,0.100302,0.111645,0.102794,0.472448,0.571625,1007.0,0.0
Person_11.txt_ecgiddb,0.005809,0.09411,0.015347,3.238647,3.547558,0.454097,5.714286,0.099919,0.109457,0.0,0.0
Person_12.txt_ecgiddb,0.004138,1.018966,0.008214,1.340319,6.387833,0.058273,-2.42515,1.023103,1.02718,0.0,0.0
Person_13.txt_ecgiddb,0.005278,0.189306,0.027714,23.16191,3.60515,0.074129,65.806452,0.194583,0.21702,0.0,0.0
Person_14.txt_ecgiddb,0.002228,0.207421,0.007049,5.864563,6.975369,0.261178,10.357143,0.209649,0.21447,1.0,0.0
Person_15.txt_ecgiddb,0.004047,0.180826,0.010415,5.989496,6.222113,1.076336,10.670038,0.184873,0.191241,1008.0,0.0
Person_16.txt_ecgiddb,0.084996,0.391272,0.148704,1.793287,1.60348,0.177228,3.599153,0.476267,0.539975,0.0,0.0
Person_17.txt_ecgiddb,0.280191,1.067214,0.451437,0.048224,0.046641,0.048965,0.049065,1.347404,1.518651,0.0,0.0
Person_18.txt_ecgiddb,0.096354,0.35655,0.16218,0.227922,0.222327,0.225121,0.236317,0.452904,0.51873,0.0,0.0
Person_19.txt_ecgiddb,0.03668,0.352316,0.093555,0.111974,0.111922,0.111756,0.112244,0.388997,0.445872,0.0,0.0
Person_20.txt_ecgiddb,0.002205,0.309318,0.00951,3.401799,9.616027,0.379871,0.2095,0.311523,0.318828,0.0,0.0
Person_21.txt_ecgiddb,0.0,0.54125,0.0,4.867785,1.037464,0.232558,13.333333,0.54125,0.54125,0.0,0.0
Person_22.txt_ecgiddb,0.063141,0.337739,0.122371,0.160524,0.154008,0.16019,0.167374,0.40088,0.46011,0.0,0.0
Person_23.txt_ecgiddb,0.015446,0.314554,0.083909,0.146516,4.370861,0.118688,-4.05,0.33,0.398463,0.0,0.0
Person_24.txt_ecgiddb,0.01875,0.1875,0.031667,1.232839,3.71134,0.00715,-0.019973,0.20625,0.219167,0.0,0.0
Person_25.txt_ecgiddb,0.077428,0.535411,0.16696,0.740924,1.925295,0.144831,0.152647,0.612839,0.702371,3.0,0.0
Person_26.txt_ecgiddb,0.055755,0.419966,0.105668,-0.784066,2.280472,0.060066,-4.692737,0.475721,0.525634,0.0,0.0
Person_27.txt_ecgiddb,0.009236,0.195919,0.039332,0.090486,0.091924,0.090403,0.089131,0.205155,0.235252,0.0,0.0
Person_28.txt_ecgiddb,0.016489,0.397144,0.065596,0.090581,0.089323,0.090275,0.092146,0.413633,0.462739,25.0,0.0
Person_29.txt_ecgiddb,0.032987,0.419027,0.095568,0.044993,0.044437,0.047004,0.043538,0.452014,0.514595,1.0,0.0
Person_30.txt_ecgiddb,0.004549,1.524254,0.107832,3.001625,3.641379,0.047039,5.316456,1.528803,1.632086,0.0,0.0
Person_31.txt_ecgiddb,0.114449,0.965919,0.254577,0.060598,0.059834,0.061069,0.060892,1.080367,1.220496,0.0,0.0
Person_32.txt_ecgiddb,0.010313,0.458745,0.04261,0.22708,4.115523,0.078375,-3.512658,0.469057,0.501355,0.0,0.0
Person_33.txt_ecgiddb,0.0,0.977803,0.0,0.0,0.0,0.0,0.0,0.977803,0.977803,0.0,0.0
Person_34.txt_ecgiddb,0.005617,0.127287,0.012099,2.104883,6.219512,0.058243,0.036894,0.132904,0.139386,1.0,0.0
Person_35.txt_ecgiddb,0.043447,0.469326,0.111928,1.050057,3.45,0.052077,-0.351906,0.512773,0.581254,1.0,0.0
Person_36.txt_ecgiddb,0.0,0.969114,0.26084,0.0,0.0,0.004368,0.0,0.969114,1.229953,0.0,0.0
Person_37.txt_ecgiddb,0.02425,0.86913,0.189532,0.048294,0.048544,0.049124,0.047214,0.89338,1.058662,0.0,0.0
Person_38.txt_ecgiddb,0.000943,0.236684,0.027257,2.354964,7.058824,0.014755,-0.008688,0.237626,0.263941,0.0,0.0
Person_39.txt_ecgiddb,0.016429,0.633095,0.079,2.061122,2.521008,0.043309,3.619048,0.649524,0.712095,0.0,0.0
Person_40.txt_ecgiddb,0.0,1.19117,0.0,0.0,0.0,0.0,0.0,1.19117,1.19117,0.0,0.0
Person_41.txt_ecgiddb,0.064524,1.023864,0.132381,0.045034,0.044843,0.045137,0.045121,1.088387,1.156245,0.0,0.0
Person_42.txt_ecgiddb,0.0,0.626233,0.0,0.0,0.0,0.0,0.0,0.626233,0.626233,0.0,0.0
Person_43.txt_ecgiddb,0.015526,0.36925,0.093421,0.039815,0.040143,0.040838,0.038464,0.384776,0.462671,0.0,0.0
Person_44.txt_ecgiddb,0.0,0.966733,0.0,0.0,0.0,0.0,0.0,0.966733,0.966733,0.0,0.0
Person_45.txt_ecgiddb,0.0,0.0,0.0,0.0,0.0,0.0,0.0,0.0,0.0,0.0,0.0
Person_46.txt_ecgiddb,0.006,0.725962,0.082,0.051812,0.051928,0.051706,0.051802,0.731962,0.807962,0.0,0.0
Person_47.txt_ecgiddb,0.014792,0.5594,0.030833,2.276549,6.731707,0.049751,0.048189,0.574192,0.590233,0.0,0.0
Person_48.txt_ecgiddb,0.0,0.0,0.0,0.0,0.0,0.0,0.0,0.0,0.0,0.0,0.0
Person_49.txt_ecgiddb,0.045703,0.253878,0.063207,0.043809,0.038144,0.046094,0.047188,0.299581,0.317085,0.0,0.0
Person_50.txt_ecgiddb,0.103393,0.756379,0.227679,0.057617,0.056562,0.058261,0.058027,0.859772,0.984058,0.0,0.0
Person_51.txt_ecgiddb,0.0,0.376646,0.0,0.0,9.230769,0.018993,0.0,0.376646,0.376646,0.0,0.0
Person_52.txt_ecgiddb,0.0,0.520638,0.148389,0.0,0.0,0.003137,0.0,0.520638,0.669027,0.0,0.0
Person_53.txt_ecgiddb,0.007868,0.134999,0.016226,3.608476,4.321729,0.153335,6.350365,0.142867,0.151226,0.0,0.0
Person_54.txt_ecgiddb,0.000313,0.61476,0.028161,5.433216,6.568421,0.053808,9.677419,0.615073,0.64292,0.0,0.0
Person_55.txt_ecgiddb,0.0,0.0,0.0,0.0,0.0,0.0,0.0,0.0,0.0,0.0,0.0
Person_56.txt_ecgiddb,0.070312,0.633446,0.172971,0.892691,2.562278,0.05779,0.058006,0.703758,0.806417,2.0,0.0
Person_57.txt_ecgiddb,0.011826,0.471425,0.153224,0.026255,0.007556,0.035367,0.035842,0.483251,0.62465,0.0,0.0
Person_58.txt_ecgiddb,0.045384,0.813572,0.184598,2.527223,3.073497,0.048713,4.459459,0.858955,0.998169,1.0,0.0
Person_59.txt_ecgiddb,0.001349,0.153239,0.043413,3.613577,4.109589,0.064475,6.666667,0.154588,0.196652,0.0,0.0
Person_60.txt_ecgiddb,0.0,0.558561,0.0,0.0,9.230769,0.01692,0.0,0.558561,0.558561,0.0,0.0
Person_61.txt_ecgiddb,0.0,1.412489,0.0,0.0,0.0,0.0,0.0,1.412489,1.412489,0.0,0.0
Person_62.txt_ecgiddb,0.0,0.240877,0.043812,1.436769,4.285714,0.019868,0.004725,0.240877,0.284689,0.0,0.0
Person_63.txt_ecgiddb,0.005339,0.23018,0.008423,5.140403,6.141732,0.048707,9.230769,0.235519,0.238602,9999.0,0.0
Person_64.txt_ecgiddb,0.051809,0.445845,0.160176,0.027831,0.027608,0.028923,0.026962,0.497654,0.606021,1.0,0.0
Person_65.txt_ecgiddb,0.028112,0.56809,0.076674,0.11081,0.109445,0.113192,0.109793,0.596203,0.644764,0.0,0.0
Person_66.txt_ecgiddb,0.013557,0.484603,0.04591,1.917497,5.564516,0.095286,0.092689,0.498161,0.530513,9998.0,0.0
Person_67.txt_ecgiddb,0.106896,0.681232,0.206604,0.049693,0.048132,0.049468,0.05148,0.788128,0.887836,0.0,0.0
Person_68.txt_ecgiddb,0.007412,0.167857,0.028686,0.039333,0.036887,0.04004,0.041073,0.175269,0.196543,1.0,0.0
Person_69.txt_ecgiddb,0.097346,0.823101,0.19564,0.028209,0.027258,0.030608,0.026761,0.920446,1.01874,0.0,0.0
Person_70.txt_ecgiddb,0.0,0.333455,0.081101,0.0,0.0,0.005018,0.0,0.333455,0.414556,0.0,0.0
Person_71.txt_ecgiddb,0.018824,0.308611,0.062353,0.039663,0.036152,0.048537,0.034299,0.327435,0.370964,0.0,0.0
Person_72.txt_ecgiddb,0.009016,0.559113,0.049736,2.040742,6.028708,0.04996,0.043556,0.56813,0.60885,0.0,0.0
Person_73.txt_ecgiddb,0.038542,0.2124,0.091458,0.050648,0.049564,0.04987,0.052511,0.250942,0.303858,0.0,0.0
Person_74.txt_ecgiddb,0.0,0.295833,0.068,0.012974,0.011003,0.019033,0.008886,0.295833,0.363833,0.0,0.0
Person_75.txt_ecgiddb,0.0,0.416562,0.0,10.241071,10.650888,0.072324,20.0,0.416562,0.416562,0.0,0.0
Person_76.txt_ecgiddb,0.014696,0.258362,0.046968,1.592912,4.777518,0.06192,-0.060702,0.273057,0.30533,0.0,0.0
Person_77.txt_ecgiddb,0.0,7.431619,0.0,0.0,9.230769,0.003418,0.0,7.431619,7.431619,0.0,0.0
Person_78.txt_ecgiddb,0.0,0.8375,0.003889,2.057869,6.11465,0.042513,0.016443,0.8375,0.841389,0.0,0.0
Person_79.txt_ecgiddb,0.0,0.43999,0.076615,0.033208,0.028559,0.043532,0.027532,0.43999,0.516605,0.0,0.0
Person_80.txt_ecgiddb,0.013848,0.302794,0.062539,-1.825489,3.903253,0.080863,-9.460581,0.316642,0.365333,0.0,0.0
Person_81.txt_ecgiddb,0.0,0.58,0.0,0.0,0.0,0.0,0.0,0.58,0.58,0.0,0.0
Person_82.txt_ecgiddb,0.021692,0.268717,0.063546,0.050878,0.046106,0.062068,0.044462,0.290409,0.332263,0.0,0.0
Person_83.txt_ecgiddb,0.001957,0.454167,0.013696,0.04936,0.047647,0.054271,0.046162,0.456123,0.467862,0.0,0.0
Person_84.txt_ecgiddb,0.005104,0.807202,0.010872,2.821127,10.038023,0.093102,-1.667744,0.812306,0.818074,0.0,0.0
Person_85.txt_ecgiddb,0.0,6.723794,0.0,0.0,1.395349,0.012225,0.0,6.723794,6.723794,0.0,0.0
Person_86.txt_ecgiddb,0.0,2.051734,0.0,0.0,0.0,0.0,0.0,2.051734,2.051734,1.0,0.0
Person_87.txt_ecgiddb,0.0,0.828064,0.0,0.0,0.0,0.0,0.0,0.828064,0.828064,0.0,0.0
Person_88.txt_ecgiddb,0.0,11.357681,0.414162,0.450121,1.269002,0.115067,-0.033705,11.357681,11.771843,2.0,0.0
Person_89.txt_ecgiddb,0.001165,0.68294,0.002484,11.514421,13.014311,1.972948,19.556004,0.684105,0.685424,1007.0,0.0
Person_90.txt_ecgiddb,0.0,0.34858,0.106603,0.888945,2.637363,0.008736,0.020736,0.34858,0.455183,9997.0,0.0
000011dic.txt_cardially,0.0,0.046488,0.0,34.021763,41.012658,1.052632,60.0,0.046488,0.046488,1442.0,1.0
000026lug.txt_cardially,0.0,0.0,0.0,0.0,0.0,0.0,0.0,0.0,0.0,1298.0,1.0
000027nov.txt_cardially,0.0,0.207357,0.0,33.979626,41.142857,0.79602,60.0,0.207357,0.207357,1687.0,1.0
000875.txt_cardially,0.0,0.16767,0.005833,22.144093,26.341463,1.321586,38.769231,0.16767,0.173503,1792.0,1.0
001688.txt_cardially,0.0,0.0,0.0,0.0,0.0,0.0,0.0,0.0,0.0,1561.0,1.0
001709.txt_cardially,0.0,0.085267,0.00328,23.551861,28.314607,1.288344,41.052632,0.085267,0.088547,1619.0,1.0
003175.txt_cardially,0.012,0.188884,0.016774,19.100969,22.835821,1.363636,33.103448,0.200884,0.205658,1816.0,1.0
003208.txt_cardially,0.036808,0.731172,0.048374,18.853182,21.686747,0.587084,34.285714,0.767981,0.779546,1889.0,1.0
003767.txt_cardially,0.047019,0.758895,0.125427,5.598138,21.456954,0.631579,-5.294118,0.805915,0.884323,2613.0,1.0
004157.txt_cardially,0.022339,0.378647,0.038046,4.79045,22.80543,1.039604,-9.473684,0.400986,0.416693,1960.0,1.0
006295.txt_cardially,0.0,0.150374,0.004968,10.232866,28.421053,1.201849,1.075697,0.150374,0.155342,1757.0,1.0
006456.txt_cardially,0.0,0.189733,0.0,25.238391,30.422535,1.292639,44.0,0.189733,0.189733,1741.0,1.0
006961.txt_cardially,0.0,0.0,0.0,0.0,0.0,0.0,0.0,0.0,0.0,1609.0,1.0
007119.txt_cardially,0.004944,0.118015,0.006644,22.596854,26.887967,1.671827,39.230769,0.122959,0.124658,1714.0,1.0
007621.txt_cardially,0.00047,0.041614,0.002348,23.692379,27.765957,2.33557,40.97561,0.042084,0.043962,1789.0,1.0
007850.txt_cardially,0.004755,0.176321,0.023529,8.808062,24.146341,1.077844,1.2,0.181076,0.19985,1693.0,1.0
008197.txt_cardially,0.000241,0.136906,0.014243,8.858602,24.657534,1.004566,0.913706,0.137146,0.151149,1668.0,1.0
009547.txt_cardially,0.0,0.082634,0.0,30.710117,37.113402,1.016949,54.0,0.082634,0.082634,1590.0,1.0
010008.txt_cardially,0.040629,0.417943,0.091737,6.15595,16.895307,0.803059,0.769484,0.458573,0.50968,2474.0,1.0
010413.txt_cardially,0.010702,0.236591,0.014317,21.69634,25.627119,1.567164,37.894737,0.247293,0.250909,2004.0,1.0
012250.txt_cardially,0.002684,0.372762,0.004782,25.434212,30.179641,1.122995,45.0,0.375446,0.377544,1979.0,1.0
012999.txt_cardially,0.008928,0.205468,0.016036,20.334343,24.153355,1.555556,35.294118,0.214397,0.221504,1953.0,1.0
014588.txt_cardially,0.046667,0.366316,0.057492,2.291708,16.675749,1.149944,-10.95057,0.412983,0.423808,2263.0,1.0
014943.txt_cardially,0.009332,0.40792,0.035377,9.172073,25.233645,1.176471,1.106104,0.417252,0.443297,1975.0,1.0
015269.txt_cardially,0.077773,0.454457,0.170631,1.898313,6.506024,0.263543,-1.074627,0.53223,0.625088,1776.0,1.0
016568.txt_cardially,0.0063,0.181799,0.01985,1.209591,1.239669,1.21519,1.173913,0.188099,0.201648,1822.0,1.0
017104.txt_cardially,0.004193,0.158188,0.009134,4.560058,30.24,1.714286,-18.274112,0.162381,0.167322,1857.0,1.0
018540.txt_cardially,0.0,0.599865,0.0,33.234667,38.677686,1.026316,60.0,0.599865,0.599865,2014.0,1.0
018711.txt_cardially,0.0,0.088008,0.007389,21.826087,26.292135,1.291391,37.894737,0.088008,0.095397,1630.0,1.0
018721.txt_cardially,0.000528,0.036236,0.001534,12.041958,32.286996,1.96875,1.87013,0.036765,0.03777,1563.0,1.0
019501.txt_cardially,0.0,0.089353,0.0,30.704739,36.455696,0.875912,54.782609,0.089353,0.089353,1649.0,1.0
019531.txt_cardially,0.005956,0.202902,0.015157,0.700463,0.734266,0.71964,0.647482,0.208858,0.218059,1708.0,1.0
019597.txt_cardially,0.002267,0.065293,0.002634,23.652836,28.609272,1.099237,41.25,0.06756,0.067927,1592.0,1.0
019612.txt_cardially,0.0,0.024057,0.0,33.959811,41.012658,0.866774,60.0,0.024057,0.024057,1595.0,1.0
020239.txt_cardially,0.012348,0.339591,0.034475,21.549007,25.627119,1.519903,37.5,0.351938,0.374066,2075.0,1.0
020780.txt_cardially,0.013786,0.296197,0.041651,16.686269,19.741935,1.225962,29.090909,0.309983,0.337848,2018.0,1.0
021217.txt_cardially,0.0,0.305766,0.042034,14.168935,17.018182,0.943168,24.545455,0.305766,0.3478,1960.0,1.0
021227.txt_cardially,0.0,0.245398,0.0,22.436381,27.169811,0.764331,39.375,0.245398,0.245398,1751.0,1.0
021300.txt_cardially,0.0,0.11987,0.0,31.797958,38.028169,1.365706,56.0,0.11987,0.11987,1634.0,1.0
023037.txt_cardially,0.0,0.212256,0.003448,10.270202,28.097561,1.399177,1.313869,0.212256,0.215703,1862.0,1.0
023315.txt_cardially,0.0,0.0,0.0,0.0,0.0,0.0,0.0,0.0,0.0,1596.0,1.0
023668.txt_cardially,0.0,0.552936,0.023691,22.607639,25.961538,1.216216,40.645161,0.552936,0.576627,2345.0,1.0
024911.txt_cardially,0.002536,0.31775,0.00787,23.08906,26.883117,1.559322,40.824742,0.320285,0.325619,2074.0,1.0
026802.txt_cardially,0.0,0.0,0.0,0.0,0.0,0.0,0.0,0.0,0.0,1578.0,1.0
027201.txt_cardially,0.01187,0.171117,0.027425,16.381357,20.377358,0.641711,28.125,0.182987,0.198542,1661.0,1.0
027218.txt_cardially,0.0,0.206027,0.014429,6.826835,20.571429,1.09589,-1.186813,0.206027,0.220456,1651.0,1.0
027222.txt_cardially,0.0,0.122713,0.0,34.019271,40.601504,1.456311,60.0,0.122713,0.122713,1633.0,1.0
028350.txt_cardially,0.0,0.428606,0.018193,20.758881,24.685714,0.924262,36.666667,0.428606,0.4468,2056.0,1.0
028452.txt_cardially,0.00084,0.229481,0.011537,20.964216,24.294479,1.09817,37.5,0.230321,0.241017,1688.0,1.0
029633.txt_cardially,0.020879,0.155563,0.039872,11.538574,13.922652,0.693069,20.0,0.176442,0.195435,1690.0,1.0
029862.txt_cardially,0.004545,0.395244,0.054268,5.116139,18.597786,0.929204,-4.178571,0.39979,0.449512,2325.0,1.0
031660.txt_cardially,0.005817,0.248506,0.022525,17.157895,20.571429,0.902256,30.0,0.254323,0.271031,1646.0,1.0
031775.txt_cardially,0.0,0.339512,0.021316,23.799055,29.032258,0.826446,41.538462,0.339512,0.360828,1909.0,1.0
031811.txt_cardially,0.006205,0.125469,0.00743,22.199224,25.548387,1.049285,40.0,0.131674,0.132899,1612.0,1.0
034318.txt_cardially,0.004867,0.069556,0.006087,20.559544,23.478261,1.836735,36.363636,0.074423,0.075643,1844.0,1.0
034383.txt_cardially,0.0,0.021538,0.0,34.429955,40.263158,3.026706,60.0,0.021538,0.021538,1593.0,1.0
035964.txt_cardially,0.003841,0.147851,0.010014,16.633465,20.25,0.850394,28.8,0.151692,0.157865,1670.0,1.0
036023.txt_cardially,0.002614,0.197119,0.009872,23.334714,26.225166,1.778976,42.0,0.199733,0.20699,1896.0,1.0
036806.txt_cardially,0.0,0.056233,0.0,34.035596,40.56338,1.543408,60.0,0.056233,0.056233,1609.0,1.0
037405.txt_cardially,0.0,0.260035,0.0,23.434845,27.391304,1.127517,41.785714,0.260035,0.260035,1953.0,1.0
038110.txt_cardially,0.021609,0.237372,0.03254,17.814573,21.242236,1.34434,30.857143,0.258981,0.269912,2036.0,1.0
038305.txt_cardially,0.026362,0.406223,0.079899,0.845955,0.871287,0.824742,0.841837,0.432585,0.486122,2115.0,1.0
038305_2.txt_cardially,0.004245,0.348289,0.01913,23.151756,26.37931,1.336828,41.73913,0.352534,0.367419,2078.0,1.0
038700.txt_cardially,0.004122,0.133402,0.012617,16.76506,20.16,1.246291,28.888889,0.137524,0.146019,1754.0,1.0
039200.txt_cardially,0.008766,0.287551,0.011158,22.271755,27.0,0.991736,38.823529,0.296317,0.298708,1740.0,1.0
039540.txt_cardially,0.002332,0.127174,0.004821,25.076345,29.822485,1.255605,44.150943,0.129506,0.131995,1613.0,1.0
039828.txt_cardially,0.0,0.276341,0.011577,24.727213,28.905109,1.828255,43.448276,0.276341,0.287918,1970.0,1.0
040312.txt_cardially,0.001922,0.347205,0.009285,5.987689,26.865672,1.398601,-10.301205,0.349127,0.35649,2029.0,1.0
040496.txt_cardially,0.007371,0.2333,0.014723,22.150547,25.427509,1.511936,39.512195,0.240671,0.248023,1934.0,1.0
041228.txt_cardially,0.0,0.107324,0.0,24.82209,29.822485,1.310452,43.333333,0.107324,0.107324,1668.0,1.0
041863.txt_cardially,0.0,0.228218,0.0,29.268466,34.491018,1.391304,51.923077,0.228218,0.228218,1810.0,1.0
042382.txt_cardially,0.002539,0.115734,0.006722,28.06574,33.365854,1.740458,49.090909,0.118274,0.122457,1563.0,1.0
042660.txt_cardially,0.003527,0.155369,0.005071,26.945516,30.983607,1.852941,48.0,0.158896,0.16044,1875.0,1.0
042839.txt_cardially,0.0,0.044296,0.0,33.97152,41.142857,0.771704,60.0,0.044296,0.044296,1611.0,1.0
042950.txt_cardially,0.014679,0.356892,0.019403,4.788255,27.035573,1.416149,-14.086957,0.371571,0.376295,2058.0,1.0
043494.txt_cardially,0.0,0.336458,0.061683,12.943562,15.766423,0.564263,22.5,0.336458,0.398141,1731.0,1.0
045262.txt_cardially,0.0,0.113327,0.0,26.169164,31.304348,0.917431,46.285714,0.113327,0.113327,1587.0,1.0
046069.txt_cardially,0.003926,0.375167,0.014647,10.452728,28.346457,1.617458,1.394268,0.379092,0.389814,2196.0,1.0
046094.txt_cardially,0.0,0.797599,0.0,31.239727,36.818182,1.264637,55.636364,0.797599,0.797599,2085.0,1.0
046287.txt_cardially,0.013886,0.279991,0.032962,8.810983,23.900415,1.322957,1.209576,0.293877,0.312953,1999.0,1.0
046797.txt_cardially,0.040457,0.303505,0.113355,0.461429,0.486815,0.458716,0.438757,0.343962,0.416859,1776.0,1.0
047093.txt_cardially,0.009246,0.287921,0.02002,22.221943,25.791045,1.818182,39.056604,0.297167,0.30794,2064.0,1.0
047329.txt_cardially,0.003967,0.404254,0.015398,24.212106,28.356164,1.699507,42.580645,0.408221,0.419653,2166.0,1.0
047329_2.txt_cardially,0.020602,0.409319,0.02846,20.551759,24.094488,1.105092,36.455696,0.429921,0.43778,2462.0,1.0
047700.txt_cardially,0.0,0.057085,0.0,31.830528,38.028169,1.463415,56.0,0.057085,0.057085,1598.0,1.0
048399.txt_cardially,0.008048,0.226361,0.017321,18.443301,22.075472,1.015625,32.238806,0.234409,0.243682,1863.0,1.0
049242.txt_cardially,0.019339,0.594269,0.046946,19.793599,21.708543,1.005587,36.666667,0.613608,0.641215,2391.0,1.0
049257.txt_cardially,0.0,0.48016,0.015205,20.57103,24.114833,1.035758,36.5625,0.48016,0.495365,2130.0,1.0
050380.txt_cardially,0.009521,0.269643,0.03747,18.861403,22.829268,1.027668,32.727273,0.279164,0.307114,1868.0,1.0
051043.txt_cardially,0.006268,0.153423,0.007484,19.768121,23.478261,1.089259,34.736842,0.159691,0.160907,1736.0,1.0
051455.txt_cardially,0.001295,0.149151,0.017947,6.035485,21.456954,0.872375,-4.222874,0.150447,0.167098,1656.0,1.0
052200.txt_cardially,0.009093,0.24118,0.018607,19.595085,23.393502,1.391753,34.0,0.250274,0.259787,1973.0,1.0
052896.txt_cardially,0.016487,0.320228,0.019591,20.014266,23.712575,1.036107,35.294118,0.336715,0.339818,1895.0,1.0
053510.txt_cardially,0.0,0.047491,0.001367,26.560539,29.853659,1.827957,48.0,0.047491,0.048857,1548.0,1.0
053558.txt_cardially,0.0,0.117447,0.0,29.986056,34.951456,1.006711,54.0,0.117447,0.117447,1555.0,1.0
054561.txt_cardially,0.000754,0.149021,0.007988,23.983725,28.374384,1.389291,42.1875,0.149775,0.157009,1768.0,1.0
054796.txt_cardially,0.011242,0.359933,0.045977,5.285171,23.431953,0.914127,-8.490566,0.371174,0.405909,1931.0,1.0
055676.txt_cardially,0.036504,0.295204,0.053872,-1.130912,15.548173,1.246006,-20.186916,0.331708,0.349076,2068.0,1.0
055825.txt_cardially,0.0,0.407195,0.021334,24.081985,28.421053,1.471963,42.352941,0.407195,0.428529,2086.0,1.0
058338.txt_cardially,0.0,0.038589,0.0,22.57869,26.181818,0.909091,40.645161,0.038589,0.038589,1515.0,1.0
058409.txt_cardially,0.0,0.0,0.0,0.0,0.0,0.0,0.0,0.0,0.0,1564.0,1.0
059013.txt_cardially,0.002237,0.055464,0.002504,23.050275,27.292419,1.858407,40.0,0.057701,0.057968,1605.0,1.0
059269.txt_cardially,0.013764,0.413188,0.060002,14.248159,17.084746,1.028152,24.631579,0.426952,0.473189,2139.0,1.0
059580.txt_cardially,0.031086,0.66431,0.035108,16.862531,19.251337,0.770218,30.566038,0.695396,0.699418,2285.0,1.0
060316.txt_cardially,0.013398,0.158754,0.026019,17.395288,20.636943,0.910624,30.638298,0.172152,0.184774,1626.0,1.0
061487.txt_cardially,0.008627,0.169614,0.019597,7.775216,20.106383,1.635688,1.583578,0.17824,0.18921,1917.0,1.0
062206.txt_cardially,0.016038,0.357588,0.03416,5.017583,18.498024,1.06412,-4.509395,0.373626,0.391747,2038.0,1.0
062811.txt_cardially,0.053287,0.46028,0.096488,4.002359,15.254237,0.656455,-3.903614,0.513568,0.556768,2429.0,1.0
062811_2.txt_cardially,0.021332,0.388583,0.022948,21.35854,25.522388,1.311853,37.241379,0.409914,0.411531,2161.0,1.0
063419.txt_cardially,0.0,0.178468,0.0,29.887477,28.421053,1.241379,60.0,0.178468,0.178468,1662.0,1.0
064010.txt_cardially,0.004947,0.117406,0.009858,1.13882,1.12588,1.242038,1.048544,0.122353,0.127264,1684.0,1.0
064175.txt_cardially,0.00159,0.043801,0.002361,24.335398,28.877005,1.417323,42.711864,0.04539,0.046162,1524.0,1.0
065047.txt_cardially,0.033253,0.338504,0.065778,11.384481,13.846154,0.670927,19.636364,0.371757,0.404282,1799.0,1.0
065625.txt_cardially,0.015855,0.306287,0.030394,8.926339,23.684211,1.580928,1.513877,0.322142,0.336681,2042.0,1.0
066385.txt_cardially,0.019468,0.341969,0.031186,16.498742,19.610895,0.996441,28.888889,0.361437,0.373154,2030.0,1.0
066530.txt_cardially,0.0,0.316327,0.012898,11.061051,30.993377,1.136671,1.053105,0.316327,0.329224,1828.0,1.0
066590.txt_cardially,0.00217,0.206159,0.003255,26.940669,31.969112,1.710037,47.142857,0.208329,0.209415,1915.0,1.0
067487.txt_cardially,0.0454,0.483763,0.116016,13.553682,16.314199,1.013514,23.333333,0.529163,0.599779,2245.0,1.0
068493.txt_cardially,0.0,0.0,0.0,0.0,0.0,0.0,0.0,0.0,0.0,1580.0,1.0
069902.txt_cardially,0.002887,0.124848,0.004843,24.210526,29.032258,0.967742,42.631579,0.127734,0.12969,1624.0,1.0
070090.txt_cardially,0.0,0.435381,0.0,31.936525,36.86747,1.342105,57.6,0.435381,0.435381,2043.0,1.0
070483.txt_cardially,0.001376,0.198182,0.010026,21.377408,24.732824,1.621622,37.777778,0.199558,0.208208,1850.0,1.0
071047.txt_cardially,0.0,0.227711,0.0,25.492751,30.422535,1.055718,45.0,0.227711,0.227711,1707.0,1.0
071662.txt_cardially,0.03395,0.517647,0.051549,19.500893,23.225806,1.099656,34.177215,0.551597,0.569196,2107.0,1.0
072816.txt_cardially,0.013677,0.226294,0.017956,19.127581,23.101604,1.281139,33.0,0.239971,0.244249,1735.0,1.0
073548.txt_cardially,0.0,0.025029,0.0,34.093081,40.5,1.779242,60.0,0.025029,0.025029,1547.0,1.0
073646.txt_cardially,0.002883,0.23409,0.025266,9.048577,24.48,1.374046,1.291684,0.236973,0.259356,1976.0,1.0
074677.txt_cardially,0.005765,0.355351,0.040183,21.053382,24.428571,1.490196,37.241379,0.361116,0.395534,2088.0,1.0
074847.txt_cardially,0.000941,0.066454,0.00167,22.693537,26.619718,1.900452,39.56044,0.067395,0.068124,1642.0,1.0
075269.txt_cardially,0.001251,0.157116,0.002446,22.964957,27.443946,1.450925,40.0,0.158366,0.159562,1796.0,1.0
076885.txt_cardially,0.004034,0.173972,0.019653,17.352461,20.794224,1.263158,30.0,0.178007,0.193626,1793.0,1.0
077462.txt_cardially,0.0,0.080716,0.0,25.239936,29.752066,0.967742,45.0,0.080716,0.080716,1610.0,1.0
077794.txt_cardially,0.0,0.219738,0.0,28.288278,33.428571,1.203704,50.232558,0.219738,0.219738,1726.0,1.0
078382.txt_cardially,0.021108,0.3646,0.069599,3.335319,17.608696,0.720961,-8.323699,0.385709,0.434199,1859.0,1.0
079134.txt_cardially,0.031433,0.32343,0.049472,4.861137,15.949367,1.783439,-3.149394,0.354863,0.372902,2021.0,1.0
079371.txt_cardially,0.000447,0.029294,0.003693,8.968013,22.69341,2.119816,2.090813,0.029742,0.032987,1560.0,1.0
080539.txt_cardially,7.4e-05,0.084693,0.006769,10.35941,28.609272,1.268293,1.200667,0.084767,0.091462,1617.0,1.0
080623.txt_cardially,0.049842,0.434066,0.076484,13.424006,15.929204,0.864553,23.478261,0.483908,0.510551,1985.0,1.0
082116.txt_cardially,0.000651,0.269297,0.015117,21.125863,25.174825,1.428571,36.774194,0.269948,0.284414,1973.0,1.0
082797.txt_cardially,0.0,0.129109,0.005997,21.931489,26.341463,1.271186,38.181818,0.129109,0.135106,1740.0,1.0
084535.txt_cardially,0.0,0.182419,0.0,23.536614,28.314607,1.242604,41.052632,0.182419,0.182419,1792.0,1.0
085709.txt_cardially,0.010295,0.22931,0.028161,18.021294,21.235955,1.523579,31.304348,0.239605,0.257471,1978.0,1.0
086143.txt_cardially,0.001573,0.098024,0.005211,21.227312,25.063291,1.118644,37.5,0.099597,0.103234,1674.0,1.0
087559.txt_cardially,0.001829,0.33017,0.014728,25.93068,30.422535,1.875,45.494505,0.332,0.344898,2120.0,1.0
087666.txt_cardially,0.014364,0.30971,0.039564,7.001974,18.947368,1.034483,1.02407,0.324074,0.349275,2021.0,1.0
087689.txt_cardially,0.0,0.195699,0.015477,20.384165,24.585366,1.112583,35.454545,0.195699,0.211176,1840.0,1.0
088045.txt_cardially,0.006102,0.334388,0.015158,24.589147,29.032258,1.444043,43.291139,0.34049,0.349547,1991.0,1.0
088147.txt_cardially,0.045699,0.489572,0.079087,0.719258,0.748441,0.740741,0.668593,0.535271,0.568659,2314.0,1.0
088758.txt_cardially,0.023219,0.244882,0.043553,16.930914,20.454545,0.883652,29.454545,0.268101,0.288435,1735.0,1.0
089400.txt_cardially,0.0,0.394305,0.010272,22.851631,27.236842,1.318052,40.0,0.394305,0.404577,2436.0,1.0
089427.txt_cardially,0.0,0.145676,0.007123,23.377796,27.692308,1.795918,40.645161,0.145676,0.152799,1746.0,1.0
089770.txt_cardially,0.00955,0.153463,0.014833,9.70266,25.411765,1.861042,1.835174,0.163013,0.168296,1898.0,1.0
090359.txt_cardially,0.021538,0.409715,0.078332,5.329908,17.37931,0.648148,-2.037736,0.431253,0.488047,1791.0,1.0
090368.txt_cardially,0.077595,0.396663,0.099751,2.886282,10.15674,0.727763,-2.225657,0.474258,0.496415,2132.0,1.0
090720.txt_cardially,0.0,0.056677,0.0,31.364958,37.113402,1.119403,55.862069,0.056677,0.056677,1600.0,1.0
090757.txt_cardially,0.04141,0.543294,0.081024,8.100052,22.38342,0.926366,0.990371,0.584704,0.624318,2008.0,1.0
091648.txt_cardially,0.006318,0.248271,0.0482,6.851613,19.236641,0.655738,0.662461,0.254589,0.296471,1792.0,1.0
091727.txt_cardially,0.007335,0.178202,0.012745,20.805744,24.252632,2.1646,36.0,0.185537,0.190946,2084.0,1.0
092224.txt_cardially,0.0,0.142281,0.002971,25.539175,30.147783,1.469741,45.0,0.142281,0.145251,1772.0,1.0
092426.txt_cardially,0.001432,0.208116,0.011471,21.983682,25.714286,0.861759,39.375,0.209548,0.219587,1648.0,1.0
093030.txt_cardially,0.004641,0.088341,0.005529,20.264493,25.043478,0.75,35.0,0.092982,0.093869,1602.0,1.0
093946.txt_cardially,0.006985,0.341787,0.017251,5.914585,27.591241,1.508982,-11.356467,0.348772,0.359039,2102.0,1.0
094188.txt_cardially,0.006202,0.132912,0.027724,5.926639,16.48855,0.622222,0.669145,0.139115,0.160636,1632.0,1.0
095157.txt_cardially,0.02494,0.387689,0.076468,0.894318,0.909091,0.927467,0.846395,0.412628,0.464157,2030.0,1.0
095511.txt_cardially,0.0,0.055845,0.0,30.779839,36.57754,1.761978,54.0,0.055845,0.055845,1609.0,1.0
096241.txt_cardially,0.009089,0.563255,0.021054,22.964258,27.150838,1.741935,40.0,0.572344,0.584309,2295.0,1.0
097952.txt_cardially,0.007498,0.149941,0.012196,17.533106,21.913043,0.686275,30.0,0.157439,0.162138,1632.0,1.0
097994.txt_cardially,0.005946,0.144907,0.037512,0.79017,0.807692,0.729483,0.833333,0.150853,0.18242,1710.0,1.0
098987.txt_cardially,0.0,0.047749,0.002293,25.582362,29.868996,1.878089,45.0,0.047749,0.050042,1579.0,1.0
099654.txt_cardially,0.014121,0.225337,0.0243,18.025467,21.724138,1.152263,31.2,0.239458,0.249637,1850.0,1.0
100432.txt_cardially,0.005425,0.122519,0.010561,23.205822,27.226891,1.590574,40.8,0.127944,0.13308,1694.0,1.0
101512.txt_cardially,0.0,0.128085,0.0,31.833721,38.028169,1.472995,56.0,0.128085,0.128085,1646.0,1.0
102354.txt_cardially,0.002577,0.101089,0.00345,24.321785,29.032258,1.301518,42.631579,0.103667,0.10454,1590.0,1.0
102594.txt_cardially,0.005891,0.296989,0.009417,26.521802,31.090909,1.517976,46.956522,0.30288,0.306407,1916.0,1.0
104866.txt_cardially,0.00939,0.287681,0.042267,4.493843,18.0,0.820513,-5.338983,0.297071,0.329948,1772.0,1.0
105107.txt_cardially,0.016789,0.250583,0.01989,19.525613,22.881356,1.174935,34.520548,0.267371,0.270473,1913.0,1.0
105912.txt_cardially,0.009821,0.504411,0.012618,8.638671,29.853659,1.317829,-5.255474,0.514231,0.517028,2116.0,1.0
105987.txt_cardially,0.006901,0.285887,0.048949,13.897868,16.787565,0.90604,24.0,0.292788,0.334836,1843.0,1.0
106124.txt_cardially,0.015627,0.304517,0.023751,23.470555,27.056367,2.446206,40.909091,0.320144,0.328268,2110.0,1.0
106489.txt_cardially,0.0,0.259422,0.009257,22.623342,26.742857,1.127168,40.0,0.259422,0.268679,1844.0,1.0
106756.txt_cardially,0.0,0.243312,0.0,27.90403,32.977099,1.234991,49.5,0.243312,0.243312,1731.0,1.0
108196.txt_cardially,0.0,0.292277,0.0,31.91467,38.145695,1.348315,56.25,0.292277,0.292277,1793.0,1.0
108830.txt_cardially,0.011984,0.170613,0.016383,19.068471,22.829268,1.145374,33.230769,0.182597,0.186996,1703.0,1.0
109395.txt_cardially,0.005849,0.178848,0.014697,23.112902,28.636364,0.702341,40.0,0.184698,0.193545,1626.0,1.0
110038.txt_cardially,0.013157,0.366884,0.017166,24.616352,29.690722,0.710059,43.448276,0.380041,0.38405,1808.0,1.0
110038_2.txt_cardially,0.025225,0.380119,0.030649,22.537478,26.024096,0.679245,40.909091,0.405344,0.410767,1656.0,1.0
110461.txt_cardially,0.0,0.50597,0.015423,24.114603,28.8,1.321586,42.222222,0.50597,0.521393,2203.0,1.0
110880.txt_cardially,0.0,0.201553,0.018903,6.311526,23.225806,0.934579,-5.225806,0.201553,0.220457,1718.0,1.0
112177.txt_cardially,0.028865,0.432442,0.054543,15.025171,18.0,1.129568,25.945946,0.461307,0.486985,2211.0,1.0
112204.txt_cardially,0.011964,0.502459,0.040318,21.073506,24.153355,1.567164,37.5,0.514423,0.542777,2282.0,1.0
113956.txt_cardially,0.006274,0.216807,0.013262,20.91916,24.868421,1.525424,36.363636,0.223082,0.230069,1941.0,1.0
114840.txt_cardially,0.009403,0.277723,0.037725,18.78114,22.38342,0.96,33.0,0.287126,0.315448,1894.0,1.0
114955.txt_cardially,0.00575,0.285457,0.006543,23.937326,28.381743,1.352313,42.077922,0.291207,0.292,2451.0,1.0
114955_2.txt_cardially,0.007202,0.281697,0.022569,22.296455,24.827586,1.826484,40.235294,0.288899,0.304266,2041.0,1.0
116780.txt_cardially,0.010356,0.318249,0.036043,21.537102,25.829596,1.281709,37.5,0.328605,0.354291,1962.0,1.0
117352.txt_cardially,0.007337,0.440859,0.018494,27.036449,31.732523,1.829653,47.54717,0.448196,0.459353,2301.0,1.0
118155.txt_cardially,0.0036,0.154668,0.009572,25.973612,29.861751,1.695447,46.363636,0.158268,0.16424,1762.0,1.0
118646.txt_cardially,0.0,0.125615,0.0,27.994469,33.962264,0.930233,49.090909,0.125615,0.125615,1570.0,1.0
119974.txt_cardially,0.0,0.187475,0.0,29.182852,34.56,1.877445,51.111111,0.187475,0.187475,1906.0,1.0
120299.txt_cardially,0.0,0.103896,0.0,34.098255,41.538462,0.756303,60.0,0.103896,0.103896,1645.0,1.0
120419.txt_cardially,0.003921,0.181829,0.006308,25.089695,29.341693,1.809745,44.117647,0.18575,0.188137,2200.0,1.0
120489.txt_cardially,0.0,0.373743,0.012179,23.617071,28.097561,1.21519,41.538462,0.373743,0.385922,2021.0,1.0
123812.txt_cardially,0.0,0.0,0.0,0.0,0.0,0.0,0.0,0.0,0.0,1580.0,1.0
125668.txt_cardially,0.016048,0.330961,0.031149,-9.466338,23.93617,1.664817,-54.0,0.34701,0.36211,2138.0,1.0
125810.txt_cardially,0.005356,0.12239,0.010974,22.423069,26.470588,1.879699,38.918919,0.127746,0.133364,1941.0,1.0
126113.txt_cardially,0.011563,0.229409,0.019071,17.895137,21.021898,1.268164,31.395349,0.240972,0.24848,1885.0,1.0
126120.txt_cardially,0.0,0.052431,0.004909,10.275243,29.508197,0.717131,0.6004,0.052431,0.057341,1593.0,1.0
126154.txt_cardially,0.0,0.361204,0.0,26.28793,30.252101,0.96463,47.647059,0.361204,0.361204,1836.0,1.0
126690.txt_cardially,0.000434,0.033888,0.006015,7.697723,19.431818,1.895735,1.765617,0.034322,0.039903,1600.0,1.0
127671.txt_cardially,0.014089,0.202232,0.027527,3.270037,14.529148,0.819423,-5.538462,0.216321,0.22976,1717.0,1.0
128314.txt_cardially,0.016858,0.365593,0.019631,6.43213,20.719424,0.701754,-2.124789,0.382451,0.385224,1828.0,1.0
128499.txt_cardially,0.0,0.014729,0.0,34.001124,40.601504,1.401869,60.0,0.014729,0.014729,1575.0,1.0
128625.txt_cardially,0.012131,0.170682,0.017908,7.877963,20.702875,1.472868,1.458146,0.182813,0.18859,1831.0,1.0
128924.txt_cardially,0.0,0.066378,0.002985,20.50504,23.649635,0.942408,36.923077,0.066378,0.069362,1584.0,1.0
129280.txt_cardially,0.001365,0.067897,0.005694,23.491514,28.097561,1.46789,40.909091,0.069262,0.073591,1655.0,1.0
129428.txt_cardially,0.001741,0.120965,0.007762,20.627343,24.360902,1.521127,36.0,0.122706,0.128728,1684.0,1.0
130102.txt_cardially,0.0,0.084022,0.00574,22.170604,25.511811,1.0,40.0,0.084022,0.089762,1635.0,1.0
130683.txt_cardially,0.0,0.05273,0.0,34.113288,40.5,1.839864,60.0,0.05273,0.05273,1568.0,1.0
130884.txt_cardially,0.033747,0.493849,0.070288,15.401761,18.160237,1.378378,26.666667,0.527596,0.564138,2156.0,1.0
132155.txt_cardially,0.002259,0.194716,0.005687,25.213204,29.853659,1.478261,44.307692,0.196975,0.200403,1766.0,1.0
132759.txt_cardially,0.0,0.195232,0.0,25.238391,30.422535,1.292639,44.0,0.195232,0.195232,1745.0,1.0
133325.txt_cardially,0.040049,0.718847,0.044927,15.519102,19.171598,0.719041,26.666667,0.758895,0.763774,2111.0,1.0
133713.txt_cardially,0.0,0.045929,0.0,25.260409,29.752066,1.02916,45.0,0.045929,0.045929,1617.0,1.0
135559.txt_cardially,0.064005,0.348994,0.112305,11.876283,14.594595,0.57971,20.454545,0.412999,0.461299,1771.0,1.0
135821.txt_cardially,0.00469,0.275307,0.01657,19.903107,23.684211,1.479655,34.545455,0.279997,0.291878,1949.0,1.0
135992.txt_cardially,0.0,0.09724,0.0,28.498625,34.434783,1.061093,50.0,0.09724,0.09724,1673.0,1.0
137334.txt_cardially,0.006204,0.306934,0.029173,10.207939,28.314607,1.184211,1.125,0.313139,0.336107,1853.0,1.0
137408.txt_cardially,0.021715,0.349158,0.05041,15.82181,18.739726,1.268076,27.457627,0.370873,0.399569,2158.0,1.0
137971.txt_cardially,0.020702,0.377253,0.03022,9.02655,24.45283,1.298405,1.328413,0.397955,0.407472,2145.0,1.0
138493.txt_cardially,0.0,0.025408,0.0,33.995162,40.754717,1.230769,60.0,0.025408,0.025408,1496.0,1.0
138548.txt_cardially,0.0,0.204967,0.0,28.034582,33.402062,1.046512,49.655172,0.204967,0.204967,1761.0,1.0
138653.txt_cardially,0.0,0.184204,0.00516,23.525871,28.314607,1.210375,41.052632,0.184204,0.189364,1709.0,1.0
140310.txt_cardially,0.001712,0.077092,0.003034,7.488071,29.189189,1.404056,-8.129032,0.078805,0.080126,1632.0,1.0
140332.txt_cardially,0.0,0.0,0.0,0.0,0.0,0.0,0.0,0.0,0.0,1561.0,1.0
140549.txt_cardially,0.0,1.335469,0.0,0.0,0.0,0.0,0.0,1.335469,1.335469,1485.0,1.0
141000.txt_cardially,0.0,0.225415,0.003047,26.858212,29.868996,1.614731,49.090909,0.225415,0.228462,2000.0,1.0
141414.txt_cardially,0.0,0.470411,0.0,23.953642,27.692308,1.311475,42.857143,0.470411,0.470411,2030.0,1.0
142229.txt_cardially,0.001343,0.286668,0.028469,10.21574,27.692308,1.483313,1.471601,0.288011,0.315137,1967.0,1.0
142290.txt_cardially,0.027128,0.300089,0.035581,15.193988,18.210117,1.030383,26.341463,0.327216,0.33567,1883.0,1.0
145886.txt_cardially,0.0,0.24217,0.0,31.059459,36.878049,1.754875,54.545455,0.24217,0.24217,1842.0,1.0
148466.txt_cardially,0.007854,0.291872,0.028529,-1.352247,23.163539,1.730769,-28.951049,0.299726,0.320401,2098.0,1.0
149849.txt_cardially,0.0,0.296951,0.008464,24.426436,28.8,1.145975,43.333333,0.296951,0.305415,1870.0,1.0
150107.txt_cardially,0.015084,0.285836,0.041995,18.124843,21.686747,0.923077,31.764706,0.300921,0.327832,1849.0,1.0
152503.txt_cardially,0.021122,0.201709,0.031203,13.155514,16.143498,0.823045,22.5,0.222831,0.232913,1780.0,1.0
200358.txt_cardially,0.007731,0.338819,0.014563,24.157166,28.8,1.449275,42.222222,0.34655,0.353382,2028.0,1.0
201504.txt_cardially,0.008998,0.425513,0.042287,21.915019,25.548387,1.066236,39.130435,0.43451,0.4678,1980.0,1.0
203956.txt_cardially,0.001942,0.133436,0.006471,20.667639,21.176471,0.826446,40.0,0.135378,0.139907,1646.0,1.0
204779.txt_cardially,0.004567,0.17571,0.005995,25.250808,30.337079,1.204819,44.210526,0.180277,0.181704,1860.0,1.0
204885.txt_cardially,0.00734,0.4361,0.041592,20.68022,24.693141,1.347518,36.0,0.443439,0.477692,2153.0,1.0
205339.txt_cardially,0.009977,0.211423,0.016583,19.103412,22.835821,1.370968,33.103448,0.221399,0.228006,1804.0,1.0
212665.txt_cardially,0.0,0.104501,0.005937,20.355644,25.043478,1.023454,35.0,0.104501,0.110438,1585.0,1.0
216198.txt_cardially,0.0,0.151133,0.0,25.195234,30.422535,1.163166,44.0,0.151133,0.151133,1584.0,1.0
216395.txt_cardially,0.006995,0.167286,0.014645,-12.399651,22.122905,1.645885,-60.967742,0.17428,0.181931,1890.0,1.0
217622.txt_cardially,0.010358,0.258238,0.025239,18.213006,21.869159,1.005155,31.764706,0.268596,0.283476,1939.0,1.0
219307.txt_cardially,0.0,0.153102,0.019143,7.005785,24.360902,0.916808,-4.260355,0.153102,0.172245,1663.0,1.0
220240.txt_cardially,0.011344,0.233467,0.016962,13.965845,16.240602,0.656934,25.0,0.244811,0.250429,1698.0,1.0
222777.txt_cardially,0.021857,0.241199,0.03625,-4.250362,18.504673,0.887097,-32.142857,0.263056,0.277449,1782.0,1.0
223472.txt_cardially,0.005473,0.142389,0.020781,16.641182,19.708029,1.25,28.965517,0.147862,0.16317,1826.0,1.0
224783.txt_cardially,0.0,0.373697,0.0,22.113058,24.827586,0.866426,40.645161,0.373697,0.373697,1704.0,1.0
230637.txt_cardially,0.0,0.030824,0.0,34.051335,40.529801,1.624204,60.0,0.030824,0.030824,1614.0,1.0
cu01.atr-.txt_cudb,0.033066,1.971011,0.058137,7.115611,20.887077,0.230401,0.229356,2.004077,2.029147,1144.0,1.0
cu02.atr.txt_cudb,0.0,0.0,0.0,0.0,0.0,0.0,0.0,0.0,0.0,13525.0,1.0
cu03.atr-.txt_cudb,0.578318,4.376153,1.387385,0.003099,0.003854,0.00192,0.003524,4.954472,5.763538,119405.0,1.0
cu04.atr.txt_cudb,0.249713,1.031894,0.516771,0.098738,0.098324,0.099131,0.098759,1.281607,1.548665,52475.0,1.0
cu05.atr-.txt_cudb,0.3111,1.869501,0.694476,0.206017,0.204197,0.206731,0.207123,2.180601,2.563977,111828.0,1.0
cu06.atr.txt_cudb,0.0,0.0,0.0,0.0,0.0,0.0,0.0,0.0,0.0,70163.0,1.0
cu07.atr.txt_cudb,0.033264,1.153313,0.106764,4.435328,12.546515,0.380163,0.379305,1.186577,1.260077,43554.0,1.0
cu08.atr.txt_cudb,0.0,0.0,0.0,0.0,0.0,0.0,0.0,0.0,0.0,74558.0,1.0
cu09.atr.txt_cudb,0.0,0.0,0.0,0.0,0.0,0.0,0.0,0.0,0.0,66297.0,1.0
cu10.atr.txt_cudb,0.082992,2.067404,0.252985,0.301793,0.300695,0.30246,0.302223,2.150396,2.320389,120436.0,1.0
cu11.atr.txt_cudb,0.005728,2.134274,0.013902,24.308353,29.058601,0.323016,43.543441,2.140002,2.148176,105457.0,1.0
cu12.atr-.txt_cudb,0.0,0.0,0.0,0.0,0.0,0.0,0.0,0.0,0.0,74215.0,1.0
cu13.atr.txt_cudb,0.052972,1.954797,0.164098,0.417656,0.415087,0.418877,0.419003,2.007769,2.118894,107217.0,1.0
cu14.atr.txt_cudb,0.0,0.0,0.0,0.0,0.0,0.0,0.0,0.0,0.0,39121.0,1.0
cu15.atr.txt_cudb,0.177653,2.066615,0.403429,0.56139,2.834858,0.084872,-1.235562,2.244268,2.470044,58583.0,1.0
cu16.atr.txt_cudb,0.0,0.0,0.0,0.0,0.0,0.0,0.0,0.0,0.0,79312.0,1.0
cu17.atr.txt_cudb,0.127548,0.897807,0.282435,0.288646,0.28488,0.290539,0.290518,1.025355,1.180242,105809.0,1.0
cu18.atr.txt_cudb,0.051961,2.055877,0.520827,0.333878,0.331223,0.335225,0.335187,2.107838,2.576704,87530.0,1.0
cu19.atr-.txt_cudb,0.07289,1.348173,0.4417,0.324183,0.320781,0.325901,0.325867,1.421062,1.789873,112990.0,1.0
cu20.atr.txt_cudb,0.0,0.0,0.0,0.0,0.0,0.0,0.0,0.0,0.0,11348.0,1.0
cu21.atr-.txt_cudb,0.0,0.0,0.0,0.0,0.0,0.0,0.0,0.0,0.0,22872.0,1.0
cu22.atr.txt_cudb,0.090922,2.169912,0.390188,0.265828,0.263987,0.266821,0.266677,2.260834,2.5601,91635.0,1.0
cu23.atr.txt_cudb,0.091969,2.015935,0.343153,0.290497,0.288133,0.291409,0.291949,2.107904,2.359088,90190.0,1.0
cu24.atr.txt_cudb,0.031608,2.138175,0.133361,0.316917,0.314687,0.317825,0.31824,2.169783,2.271536,104429.0,1.0
cu24.dat.txt_cudb,0.031608,2.138175,0.133361,0.316917,0.314687,0.317825,0.31824,2.169783,2.271536,104429.0,1.0
cu25.atr.txt_cudb,0.239919,1.845701,0.42251,0.156443,0.155984,0.15653,0.156815,2.08562,2.268211,108090.0,1.0
cu26.atr.txt_cudb,0.0,0.0,0.0,0.0,0.0,0.0,0.0,0.0,0.0,50799.0,1.0
cu27.atr.txt_cudb,0.0,0.0,0.0,0.0,0.0,0.0,0.0,0.0,0.0,0.0,1.0
cu28.atr.txt_cudb,0.009967,1.188474,0.161942,0.350431,0.401259,0.270228,0.379806,1.198441,1.350417,95364.0,1.0
cu29.atr.txt_cudb,0.389982,1.264357,0.66569,0.145445,0.144046,0.146196,0.146093,1.654339,1.930046,101893.0,1.0
cu30.atr.txt_cudb,0.0,0.0,0.0,0.0,0.0,0.0,0.0,0.0,0.0,14938.0,1.0
cu31.atr.txt_cudb,0.0,0.0,0.0,0.0,0.0,0.0,0.0,0.0,0.0,7728.0,1.0
cu32.atr.txt_cudb,0.018968,0.656912,0.092201,13.410518,15.934906,0.411016,23.88563,0.675879,0.749113,122698.0,1.0
cu33.atr.txt_cudb,0.077163,1.208243,0.416712,0.327451,0.3249,0.328738,0.328715,1.285405,1.624955,123431.0,1.0
cu34.atr.txt_cudb,0.141169,2.153254,0.259037,0.040209,0.048563,0.044308,0.027757,2.294423,2.412291,30981.0,1.0
cu35.atr.txt_cudb,0.0,0.0,0.0,0.0,0.0,0.0,0.0,0.0,0.0,4009.0,1.0
418.txt_vfdb,0.067487,0.67384,0.164065,3.162012,14.116544,0.17821,-4.80872,0.741327,0.837905,372689.0,1.0
419.txt_vfdb,0.086824,0.849234,0.187106,0.147118,0.146837,0.147349,0.147167,0.936058,1.03634,265775.0,1.0
420.txt_vfdb,0.0,8.003159,0.0,0.0,0.0,0.0,0.0,8.003159,8.003159,438952.0,1.0
421.txt_vfdb,0.295146,2.021534,0.729645,0.165412,0.16455,0.166028,0.165659,2.31668,2.75118,315542.0,1.0
422.txt_vfdb,0.087035,1.962224,0.233469,12.277464,9.515874,0.25384,27.062679,2.049259,2.195693,520733.0,1.0
423.txt_vfdb,0.0,1.657725,0.781755,0.0,0.0,0.004058,0.0,1.657725,2.43948,388692.0,1.0
424.txt_vfdb,0.0,7.173911,0.0,0.0,0.0,0.0,0.0,7.173911,7.173911,462100.0,1.0
425.txt_vfdb,0.164117,2.968862,0.797923,0.001808,0.001838,0.002133,0.001453,3.132979,3.766784,11274.0,1.0
426.txt_vfdb,0.0,2.475904,1.081314,0.0,0.0,0.002615,0.0,2.475904,3.557218,364770.0,1.0
427.txt_vfdb,0.0,5.117123,0.965968,0.0,0.0,0.002194,0.0,5.117123,6.083091,98969.0,1.0
428.txt_vfdb,0.403934,2.359461,0.532251,0.00138,0.001257,0.001814,0.001068,2.763395,2.891713,338474.0,1.0
429.txt_vfdb,0.0,1.17582,0.174438,0.0,0.0,0.003364,0.0,1.17582,1.350258,229290.0,1.0
430.txt_vfdb,0.102024,1.101974,0.335923,0.003875,0.002871,0.003922,0.00483,1.203999,1.437897,169331.0,1.0
602.txt_vfdb,0.029936,2.583704,0.215394,17.493675,20.904452,0.226654,31.349921,2.61364,2.799097,466450.0,1.0
605.txt_vfdb,0.008838,0.419573,0.048574,16.536267,19.727228,0.309672,29.571899,0.428411,0.468146,412033.0,1.0
607.txt_vfdb,0.049684,1.772011,0.118938,0.167441,0.166757,0.16779,0.167775,1.821696,1.890949,347599.0,1.0
609.txt_vfdb,0.059247,2.393598,0.150923,0.257816,0.256458,0.258363,0.258627,2.452845,2.544521,290539.0,1.0
610.txt_vfdb,0.067722,2.21836,0.245705,11.666613,6.693802,0.159046,28.14699,2.286082,2.464065,448819.0,1.0
611.txt_vfdb,0.011924,4.009104,0.275175,0.374847,0.372097,0.376221,0.376223,4.021028,4.284279,163428.0,1.0
612.txt_vfdb,0.416054,2.96693,0.684229,0.882986,2.618182,0.036036,-0.005261,3.382984,3.651159,370195.0,1.0
614.txt_vfdb,0.629535,7.235709,1.885665,0.004485,0.004423,0.00483,0.004204,7.865244,9.121374,324708.0,1.0
615.txt_vfdb,0.266388,3.942083,0.661981,0.167127,0.165646,0.167984,0.167752,4.208471,4.604064,127138.0,1.0
04015.txt_afdb,0.428245,1.449158,0.615584,0.042019,0.04151,0.04236,0.042188,1.877403,2.064742,0.0,0.0
04043.txt_afdb,0.41625,2.835,1.17375,0.022283,0.002923,0.033177,0.030748,3.25125,4.00875,0.0,0.0
04048.txt_afdb,0.00556,0.452588,0.021888,7.074009,20.686841,0.265844,0.269341,0.458149,0.474476,0.0,0.0
04126.txt_afdb,0.273389,0.761195,0.382685,0.040906,0.039195,0.044449,0.039073,1.034584,1.143881,0.0,0.0
04746.txt_afdb,0.068029,0.241323,0.088066,0.013991,0.011362,0.015911,0.0147,0.309352,0.329389,0.0,0.0
04908.txt_afdb,0.184264,0.69638,0.311056,0.13536,0.134025,0.136307,0.135748,0.880644,1.007436,174.0,0.0
04936.txt_afdb,0.034638,0.286543,0.067417,0.340197,0.336889,0.340691,0.343011,0.321181,0.35396,0.0,0.0
05091.txt_afdb,0.090253,0.576434,0.189954,0.206823,0.203818,0.208421,0.208229,0.666686,0.766388,0.0,0.0
05121.txt_afdb,0.270996,3.448875,1.105209,0.384728,1.143462,0.029003,-0.018282,3.719871,4.554084,0.0,0.0
05261.txt_afdb,0.095888,1.617497,0.264563,2.606564,7.220087,0.299698,0.299906,1.713385,1.88206,0.0,0.0
06426.txt_afdb,0.080376,0.635033,0.209718,0.118294,0.117739,0.118922,0.118222,0.715409,0.844751,0.0,0.0
06453.txt_afdb,0.057205,0.495994,0.103934,2.368885,7.523394,0.072311,-0.48905,0.553199,0.599928,0.0,0.0
06995.txt_afdb,0.001674,0.864889,0.023136,6.095089,17.583042,0.351267,0.350958,0.866563,0.888025,0.0,0.0
07162.txt_afdb,0.01254,0.127755,0.044506,2.288107,6.945338,0.010184,-0.091202,0.140295,0.172261,0.0,0.0
07859.txt_afdb,0.110417,0.354826,0.163103,-0.703686,1.190286,0.023194,-3.324538,0.465243,0.517929,0.0,0.0
07879.txt_afdb,0.064837,0.275752,0.152567,0.003123,0.001224,0.004158,0.003988,0.340589,0.428319,0.0,0.0
07910.txt_afdb,0.003263,1.202439,0.006039,116.299139,24.216011,0.222806,324.458599,1.205702,1.208477,0.0,0.0
